,https%3A,index.php,rmrj,wp-content
https://rmrj.usjr.edu.ph/,https://rmrj.usjr.edu.ph/https%3A//rmrj.usjr.edu.ph/rmrj/index.php/RMRJ/article/view/863,https://rmrj.usjr.edu.ph/index.php/RMRJ/editorial_policy,https://rmrj.usjr.edu.ph/rmrj/index.php/RMRJ/Copyright_Policy,https://rmrj.usjr.edu.ph/wp-content/uploads/2022/07/A-Brief-Authors-Guide-to-Article-Submission-1.mp4
,,https://rmrj.usjr.edu.ph/index.php/RMRJ/about/submissions,https://rmrj.usjr.edu.ph/rmrj/index.php/RMRJ/Pub_Ethics,
,,https://rmrj.usjr.edu.ph/index.php/author/admin/,https://rmrj.usjr.edu.ph/rmrj/index.php/RMRJ/about,
,,https://rmrj.usjr.edu.ph/index.php/category/archive/,https://rmrj.usjr.edu.ph/rmrj/index.php/RMRJ/announcement,
,,https://rmrj.usjr.edu.ph/index.php/category/current/,https://rmrj.usjr.edu.ph/rmrj/index.php/RMRJ/author-guidelines,
,,https://rmrj.usjr.edu.ph/index.php/category/slider/,https://rmrj.usjr.edu.ph/rmrj/index.php/RMRJ/author_guidelines,
,,https://rmrj.usjr.edu.ph/index.php/category/videos/,https://rmrj.usjr.edu.ph/rmrj/index.php/RMRJ/index,
,,https://rmrj.usjr.edu.ph/index.php/2019/10/02/a-brief-auhtors-guide-to-article-submission/,https://rmrj.usjr.edu.ph/rmrj/index.php/RMRJ/login,
,,https://rmrj.usjr.edu.ph/index.php/2019/10/28/351/,https://rmrj.usjr.edu.ph/rmrj/index.php/RMRJ/search,
,,https://rmrj.usjr.edu.ph/index.php/2020/06/04/439/,https://rmrj.usjr.edu.ph/rmrj/index.php/RMRJ/about/,
,,https://rmrj.usjr.edu.ph/index.php/2022/06/30/711/,https://rmrj.usjr.edu.ph/rmrj/index.php/RMRJ/about/aboutThisPublishingSystem,
,,https://rmrj.usjr.edu.ph/index.php/2022/06/30/social-support-generating-application-using-lazy-supervised-algorithm/,https://rmrj.usjr.edu.ph/rmrj/index.php/RMRJ/about/contact,
,,https://rmrj.usjr.edu.ph/index.php/2022/08/31/scopus-acceptance/,https://rmrj.usjr.edu.ph/rmrj/index.php/RMRJ/about/editorialTeam,
,,https://rmrj.usjr.edu.ph/index.php/author/admin/page/2/,https://rmrj.usjr.edu.ph/rmrj/index.php/RMRJ/about/privacy,
,,https://rmrj.usjr.edu.ph/index.php/author/admin/page/3/,https://rmrj.usjr.edu.ph/rmrj/index.php/RMRJ/about/submissions,
,,https://rmrj.usjr.edu.ph/index.php/category/archive/page/2/,https://rmrj.usjr.edu.ph/rmrj/index.php/RMRJ/announcement/,
,,https://rmrj.usjr.edu.ph/index.php/category/current/page/2/,https://rmrj.usjr.edu.ph/rmrj/index.php/RMRJ/editorial_policy/,
,,https://rmrj.usjr.edu.ph/index.php/category/current/page/3/,https://rmrj.usjr.edu.ph/rmrj/index.php/RMRJ/information/authors,
,,,https://rmrj.usjr.edu.ph/rmrj/index.php/RMRJ/information/librarians,
,,,https://rmrj.usjr.edu.ph/rmrj/index.php/RMRJ/information/readers,
,,,https://rmrj.usjr.edu.ph/rmrj/index.php/RMRJ/issue/archive,
,,,https://rmrj.usjr.edu.ph/rmrj/index.php/RMRJ/issue/current,
,,,https://rmrj.usjr.edu.ph/rmrj/index.php/RMRJ/login/,
,,,https://rmrj.usjr.edu.ph/rmrj/index.php/RMRJ/login/lostPassword,
,,,https://rmrj.usjr.edu.ph/rmrj/index.php/RMRJ/search/search,
,,,https://rmrj.usjr.edu.ph/rmrj/index.php/RMRJ/user/register,
,,,https://rmrj.usjr.edu.ph/rmrj/index.php/RMRJ/about/contact/,
,,,https://rmrj.usjr.edu.ph/rmrj/index.php/RMRJ/about/editorialTeam/,
,,,https://rmrj.usjr.edu.ph/rmrj/index.php/RMRJ/about/submissions/,
,,,https://rmrj.usjr.edu.ph/rmrj/index.php/RMRJ/announcement/view/1,
,,,https://rmrj.usjr.edu.ph/rmrj/index.php/RMRJ/announcement/view/10,
,,,https://rmrj.usjr.edu.ph/rmrj/index.php/RMRJ/announcement/view/14,
,,,https://rmrj.usjr.edu.ph/rmrj/index.php/RMRJ/announcement/view/16,
,,,https://rmrj.usjr.edu.ph/rmrj/index.php/RMRJ/announcement/view/17,
,,,https://rmrj.usjr.edu.ph/rmrj/index.php/RMRJ/announcement/view/3,
,,,https://rmrj.usjr.edu.ph/rmrj/index.php/RMRJ/announcement/view/4,
,,,https://rmrj.usjr.edu.ph/rmrj/index.php/RMRJ/announcement/view/5,
,,,https://rmrj.usjr.edu.ph/rmrj/index.php/RMRJ/announcement/view/7,
,,,https://rmrj.usjr.edu.ph/rmrj/index.php/RMRJ/announcement/view/8,
,,,https://rmrj.usjr.edu.ph/rmrj/index.php/RMRJ/article/view/100,
,,,https://rmrj.usjr.edu.ph/rmrj/index.php/RMRJ/article/view/101,
,,,https://rmrj.usjr.edu.ph/rmrj/index.php/RMRJ/article/view/1011,
,,,https://rmrj.usjr.edu.ph/rmrj/index.php/RMRJ/article/view/102,
,,,https://rmrj.usjr.edu.ph/rmrj/index.php/RMRJ/article/view/1022,
,,,https://rmrj.usjr.edu.ph/rmrj/index.php/RMRJ/article/view/1027,
,,,https://rmrj.usjr.edu.ph/rmrj/index.php/RMRJ/article/view/1044,
,,,https://rmrj.usjr.edu.ph/rmrj/index.php/RMRJ/article/view/1047,
,,,https://rmrj.usjr.edu.ph/rmrj/index.php/RMRJ/article/view/106,
,,,https://rmrj.usjr.edu.ph/rmrj/index.php/RMRJ/article/view/1061,
,,,https://rmrj.usjr.edu.ph/rmrj/index.php/RMRJ/article/view/1063,
,,,https://rmrj.usjr.edu.ph/rmrj/index.php/RMRJ/article/view/107,
,,,https://rmrj.usjr.edu.ph/rmrj/index.php/RMRJ/article/view/1070,
,,,https://rmrj.usjr.edu.ph/rmrj/index.php/RMRJ/article/view/1071,
,,,https://rmrj.usjr.edu.ph/rmrj/index.php/RMRJ/article/view/108,
,,,https://rmrj.usjr.edu.ph/rmrj/index.php/RMRJ/article/view/1086,
,,,https://rmrj.usjr.edu.ph/rmrj/index.php/RMRJ/article/view/1087,
,,,https://rmrj.usjr.edu.ph/rmrj/index.php/RMRJ/article/view/109,
,,,https://rmrj.usjr.edu.ph/rmrj/index.php/RMRJ/article/view/110,
,,,https://rmrj.usjr.edu.ph/rmrj/index.php/RMRJ/article/view/111,
,,,https://rmrj.usjr.edu.ph/rmrj/index.php/RMRJ/article/view/112,
,,,https://rmrj.usjr.edu.ph/rmrj/index.php/RMRJ/article/view/113,
,,,https://rmrj.usjr.edu.ph/rmrj/index.php/RMRJ/article/view/1130,
,,,https://rmrj.usjr.edu.ph/rmrj/index.php/RMRJ/article/view/114,
,,,https://rmrj.usjr.edu.ph/rmrj/index.php/RMRJ/article/view/1147,
,,,https://rmrj.usjr.edu.ph/rmrj/index.php/RMRJ/article/view/115,
,,,https://rmrj.usjr.edu.ph/rmrj/index.php/RMRJ/article/view/116,
,,,https://rmrj.usjr.edu.ph/rmrj/index.php/RMRJ/article/view/117,
,,,https://rmrj.usjr.edu.ph/rmrj/index.php/RMRJ/article/view/118,
,,,https://rmrj.usjr.edu.ph/rmrj/index.php/RMRJ/article/view/1181,
,,,https://rmrj.usjr.edu.ph/rmrj/index.php/RMRJ/article/view/1188,
,,,https://rmrj.usjr.edu.ph/rmrj/index.php/RMRJ/article/view/12,
,,,https://rmrj.usjr.edu.ph/rmrj/index.php/RMRJ/article/view/120,
,,,https://rmrj.usjr.edu.ph/rmrj/index.php/RMRJ/article/view/1200,
,,,https://rmrj.usjr.edu.ph/rmrj/index.php/RMRJ/article/view/1205,
,,,https://rmrj.usjr.edu.ph/rmrj/index.php/RMRJ/article/view/1206,
,,,https://rmrj.usjr.edu.ph/rmrj/index.php/RMRJ/article/view/121,
,,,https://rmrj.usjr.edu.ph/rmrj/index.php/RMRJ/article/view/1211,
,,,https://rmrj.usjr.edu.ph/rmrj/index.php/RMRJ/article/view/1212,
,,,https://rmrj.usjr.edu.ph/rmrj/index.php/RMRJ/article/view/1215,
,,,https://rmrj.usjr.edu.ph/rmrj/index.php/RMRJ/article/view/1219,
,,,https://rmrj.usjr.edu.ph/rmrj/index.php/RMRJ/article/view/122,
,,,https://rmrj.usjr.edu.ph/rmrj/index.php/RMRJ/article/view/1220,
,,,https://rmrj.usjr.edu.ph/rmrj/index.php/RMRJ/article/view/1221,
,,,https://rmrj.usjr.edu.ph/rmrj/index.php/RMRJ/article/view/1222,
,,,https://rmrj.usjr.edu.ph/rmrj/index.php/RMRJ/article/view/1229,
,,,https://rmrj.usjr.edu.ph/rmrj/index.php/RMRJ/article/view/127,
,,,https://rmrj.usjr.edu.ph/rmrj/index.php/RMRJ/article/view/128,
,,,https://rmrj.usjr.edu.ph/rmrj/index.php/RMRJ/article/view/129,
,,,https://rmrj.usjr.edu.ph/rmrj/index.php/RMRJ/article/view/13,
,,,https://rmrj.usjr.edu.ph/rmrj/index.php/RMRJ/article/view/130,
,,,https://rmrj.usjr.edu.ph/rmrj/index.php/RMRJ/article/view/131,
,,,https://rmrj.usjr.edu.ph/rmrj/index.php/RMRJ/article/view/1320,
,,,https://rmrj.usjr.edu.ph/rmrj/index.php/RMRJ/article/view/1322,
,,,https://rmrj.usjr.edu.ph/rmrj/index.php/RMRJ/article/view/1328,
,,,https://rmrj.usjr.edu.ph/rmrj/index.php/RMRJ/article/view/133,
,,,https://rmrj.usjr.edu.ph/rmrj/index.php/RMRJ/article/view/135,
,,,https://rmrj.usjr.edu.ph/rmrj/index.php/RMRJ/article/view/1351,
,,,https://rmrj.usjr.edu.ph/rmrj/index.php/RMRJ/article/view/14,
,,,https://rmrj.usjr.edu.ph/rmrj/index.php/RMRJ/article/view/1407,
,,,https://rmrj.usjr.edu.ph/rmrj/index.php/RMRJ/article/view/1408,
,,,https://rmrj.usjr.edu.ph/rmrj/index.php/RMRJ/article/view/1413,
,,,https://rmrj.usjr.edu.ph/rmrj/index.php/RMRJ/article/view/1414,
,,,https://rmrj.usjr.edu.ph/rmrj/index.php/RMRJ/article/view/146,
,,,https://rmrj.usjr.edu.ph/rmrj/index.php/RMRJ/article/view/15,
,,,https://rmrj.usjr.edu.ph/rmrj/index.php/RMRJ/article/view/16,
,,,https://rmrj.usjr.edu.ph/rmrj/index.php/RMRJ/article/view/162,
,,,https://rmrj.usjr.edu.ph/rmrj/index.php/RMRJ/article/view/163,
,,,https://rmrj.usjr.edu.ph/rmrj/index.php/RMRJ/article/view/165,
,,,https://rmrj.usjr.edu.ph/rmrj/index.php/RMRJ/article/view/169,
,,,https://rmrj.usjr.edu.ph/rmrj/index.php/RMRJ/article/view/17,
,,,https://rmrj.usjr.edu.ph/rmrj/index.php/RMRJ/article/view/172,
,,,https://rmrj.usjr.edu.ph/rmrj/index.php/RMRJ/article/view/173,
,,,https://rmrj.usjr.edu.ph/rmrj/index.php/RMRJ/article/view/18,
,,,https://rmrj.usjr.edu.ph/rmrj/index.php/RMRJ/article/view/183,
,,,https://rmrj.usjr.edu.ph/rmrj/index.php/RMRJ/article/view/198,
,,,https://rmrj.usjr.edu.ph/rmrj/index.php/RMRJ/article/view/199,
,,,https://rmrj.usjr.edu.ph/rmrj/index.php/RMRJ/article/view/20,
,,,https://rmrj.usjr.edu.ph/rmrj/index.php/RMRJ/article/view/201,
,,,https://rmrj.usjr.edu.ph/rmrj/index.php/RMRJ/article/view/202,
,,,https://rmrj.usjr.edu.ph/rmrj/index.php/RMRJ/article/view/203,
,,,https://rmrj.usjr.edu.ph/rmrj/index.php/RMRJ/article/view/204,
,,,https://rmrj.usjr.edu.ph/rmrj/index.php/RMRJ/article/view/205,
,,,https://rmrj.usjr.edu.ph/rmrj/index.php/RMRJ/article/view/206,
,,,https://rmrj.usjr.edu.ph/rmrj/index.php/RMRJ/article/view/21,
,,,https://rmrj.usjr.edu.ph/rmrj/index.php/RMRJ/article/view/210,
,,,https://rmrj.usjr.edu.ph/rmrj/index.php/RMRJ/article/view/217,
,,,https://rmrj.usjr.edu.ph/rmrj/index.php/RMRJ/article/view/22,
,,,https://rmrj.usjr.edu.ph/rmrj/index.php/RMRJ/article/view/23,
,,,https://rmrj.usjr.edu.ph/rmrj/index.php/RMRJ/article/view/231,
,,,https://rmrj.usjr.edu.ph/rmrj/index.php/RMRJ/article/view/24,
,,,https://rmrj.usjr.edu.ph/rmrj/index.php/RMRJ/article/view/242,
,,,https://rmrj.usjr.edu.ph/rmrj/index.php/RMRJ/article/view/245,
,,,https://rmrj.usjr.edu.ph/rmrj/index.php/RMRJ/article/view/25,
,,,https://rmrj.usjr.edu.ph/rmrj/index.php/RMRJ/article/view/26,
,,,https://rmrj.usjr.edu.ph/rmrj/index.php/RMRJ/article/view/260,
,,,https://rmrj.usjr.edu.ph/rmrj/index.php/RMRJ/article/view/267,
,,,https://rmrj.usjr.edu.ph/rmrj/index.php/RMRJ/article/view/27,
,,,https://rmrj.usjr.edu.ph/rmrj/index.php/RMRJ/article/view/270,
,,,https://rmrj.usjr.edu.ph/rmrj/index.php/RMRJ/article/view/274,
,,,https://rmrj.usjr.edu.ph/rmrj/index.php/RMRJ/article/view/276,
,,,https://rmrj.usjr.edu.ph/rmrj/index.php/RMRJ/article/view/28,
,,,https://rmrj.usjr.edu.ph/rmrj/index.php/RMRJ/article/view/280,
,,,https://rmrj.usjr.edu.ph/rmrj/index.php/RMRJ/article/view/29,
,,,https://rmrj.usjr.edu.ph/rmrj/index.php/RMRJ/article/view/299,
,,,https://rmrj.usjr.edu.ph/rmrj/index.php/RMRJ/article/view/30,
,,,https://rmrj.usjr.edu.ph/rmrj/index.php/RMRJ/article/view/304,
,,,https://rmrj.usjr.edu.ph/rmrj/index.php/RMRJ/article/view/31,
,,,https://rmrj.usjr.edu.ph/rmrj/index.php/RMRJ/article/view/312,
,,,https://rmrj.usjr.edu.ph/rmrj/index.php/RMRJ/article/view/32,
,,,https://rmrj.usjr.edu.ph/rmrj/index.php/RMRJ/article/view/324,
,,,https://rmrj.usjr.edu.ph/rmrj/index.php/RMRJ/article/view/33,
,,,https://rmrj.usjr.edu.ph/rmrj/index.php/RMRJ/article/view/34,
,,,https://rmrj.usjr.edu.ph/rmrj/index.php/RMRJ/article/view/35,
,,,https://rmrj.usjr.edu.ph/rmrj/index.php/RMRJ/article/view/36,
,,,https://rmrj.usjr.edu.ph/rmrj/index.php/RMRJ/article/view/37,
,,,https://rmrj.usjr.edu.ph/rmrj/index.php/RMRJ/article/view/38,
,,,https://rmrj.usjr.edu.ph/rmrj/index.php/RMRJ/article/view/387,
,,,https://rmrj.usjr.edu.ph/rmrj/index.php/RMRJ/article/view/39,
,,,https://rmrj.usjr.edu.ph/rmrj/index.php/RMRJ/article/view/40,
,,,https://rmrj.usjr.edu.ph/rmrj/index.php/RMRJ/article/view/41,
,,,https://rmrj.usjr.edu.ph/rmrj/index.php/RMRJ/article/view/42,
,,,https://rmrj.usjr.edu.ph/rmrj/index.php/RMRJ/article/view/43,
,,,https://rmrj.usjr.edu.ph/rmrj/index.php/RMRJ/article/view/44,
,,,https://rmrj.usjr.edu.ph/rmrj/index.php/RMRJ/article/view/45,
,,,https://rmrj.usjr.edu.ph/rmrj/index.php/RMRJ/article/view/46,
,,,https://rmrj.usjr.edu.ph/rmrj/index.php/RMRJ/article/view/47,
,,,https://rmrj.usjr.edu.ph/rmrj/index.php/RMRJ/article/view/48,
,,,https://rmrj.usjr.edu.ph/rmrj/index.php/RMRJ/article/view/49,
,,,https://rmrj.usjr.edu.ph/rmrj/index.php/RMRJ/article/view/491,
,,,https://rmrj.usjr.edu.ph/rmrj/index.php/RMRJ/article/view/50,
,,,https://rmrj.usjr.edu.ph/rmrj/index.php/RMRJ/article/view/51,
,,,https://rmrj.usjr.edu.ph/rmrj/index.php/RMRJ/article/view/52,
,,,https://rmrj.usjr.edu.ph/rmrj/index.php/RMRJ/article/view/53,
,,,https://rmrj.usjr.edu.ph/rmrj/index.php/RMRJ/article/view/532,
,,,https://rmrj.usjr.edu.ph/rmrj/index.php/RMRJ/article/view/54,
,,,https://rmrj.usjr.edu.ph/rmrj/index.php/RMRJ/article/view/55,
,,,https://rmrj.usjr.edu.ph/rmrj/index.php/RMRJ/article/view/550,
,,,https://rmrj.usjr.edu.ph/rmrj/index.php/RMRJ/article/view/56,
,,,https://rmrj.usjr.edu.ph/rmrj/index.php/RMRJ/article/view/57,
,,,https://rmrj.usjr.edu.ph/rmrj/index.php/RMRJ/article/view/58,
,,,https://rmrj.usjr.edu.ph/rmrj/index.php/RMRJ/article/view/586,
,,,https://rmrj.usjr.edu.ph/rmrj/index.php/RMRJ/article/view/587,
,,,https://rmrj.usjr.edu.ph/rmrj/index.php/RMRJ/article/view/59,
,,,https://rmrj.usjr.edu.ph/rmrj/index.php/RMRJ/article/view/60,
,,,https://rmrj.usjr.edu.ph/rmrj/index.php/RMRJ/article/view/61,
,,,https://rmrj.usjr.edu.ph/rmrj/index.php/RMRJ/article/view/614,
,,,https://rmrj.usjr.edu.ph/rmrj/index.php/RMRJ/article/view/619,
,,,https://rmrj.usjr.edu.ph/rmrj/index.php/RMRJ/article/view/62,
,,,https://rmrj.usjr.edu.ph/rmrj/index.php/RMRJ/article/view/625,
,,,https://rmrj.usjr.edu.ph/rmrj/index.php/RMRJ/article/view/63,
,,,https://rmrj.usjr.edu.ph/rmrj/index.php/RMRJ/article/view/631,
,,,https://rmrj.usjr.edu.ph/rmrj/index.php/RMRJ/article/view/64,
,,,https://rmrj.usjr.edu.ph/rmrj/index.php/RMRJ/article/view/65,
,,,https://rmrj.usjr.edu.ph/rmrj/index.php/RMRJ/article/view/66,
,,,https://rmrj.usjr.edu.ph/rmrj/index.php/RMRJ/article/view/67,
,,,https://rmrj.usjr.edu.ph/rmrj/index.php/RMRJ/article/view/68,
,,,https://rmrj.usjr.edu.ph/rmrj/index.php/RMRJ/article/view/680,
,,,https://rmrj.usjr.edu.ph/rmrj/index.php/RMRJ/article/view/69,
,,,https://rmrj.usjr.edu.ph/rmrj/index.php/RMRJ/article/view/70,
,,,https://rmrj.usjr.edu.ph/rmrj/index.php/RMRJ/article/view/704,
,,,https://rmrj.usjr.edu.ph/rmrj/index.php/RMRJ/article/view/71,
,,,https://rmrj.usjr.edu.ph/rmrj/index.php/RMRJ/article/view/714,
,,,https://rmrj.usjr.edu.ph/rmrj/index.php/RMRJ/article/view/72,
,,,https://rmrj.usjr.edu.ph/rmrj/index.php/RMRJ/article/view/73,
,,,https://rmrj.usjr.edu.ph/rmrj/index.php/RMRJ/article/view/733,
,,,https://rmrj.usjr.edu.ph/rmrj/index.php/RMRJ/article/view/74,
,,,https://rmrj.usjr.edu.ph/rmrj/index.php/RMRJ/article/view/748,
,,,https://rmrj.usjr.edu.ph/rmrj/index.php/RMRJ/article/view/75,
,,,https://rmrj.usjr.edu.ph/rmrj/index.php/RMRJ/article/view/76,
,,,https://rmrj.usjr.edu.ph/rmrj/index.php/RMRJ/article/view/760,
,,,https://rmrj.usjr.edu.ph/rmrj/index.php/RMRJ/article/view/766,
,,,https://rmrj.usjr.edu.ph/rmrj/index.php/RMRJ/article/view/77,
,,,https://rmrj.usjr.edu.ph/rmrj/index.php/RMRJ/article/view/772,
,,,https://rmrj.usjr.edu.ph/rmrj/index.php/RMRJ/article/view/779,
,,,https://rmrj.usjr.edu.ph/rmrj/index.php/RMRJ/article/view/78,
,,,https://rmrj.usjr.edu.ph/rmrj/index.php/RMRJ/article/view/79,
,,,https://rmrj.usjr.edu.ph/rmrj/index.php/RMRJ/article/view/80,
,,,https://rmrj.usjr.edu.ph/rmrj/index.php/RMRJ/article/view/81,
,,,https://rmrj.usjr.edu.ph/rmrj/index.php/RMRJ/article/view/817,
,,,https://rmrj.usjr.edu.ph/rmrj/index.php/RMRJ/article/view/82,
,,,https://rmrj.usjr.edu.ph/rmrj/index.php/RMRJ/article/view/828,
,,,https://rmrj.usjr.edu.ph/rmrj/index.php/RMRJ/article/view/83,
,,,https://rmrj.usjr.edu.ph/rmrj/index.php/RMRJ/article/view/836,
,,,https://rmrj.usjr.edu.ph/rmrj/index.php/RMRJ/article/view/84,
,,,https://rmrj.usjr.edu.ph/rmrj/index.php/RMRJ/article/view/845,
,,,https://rmrj.usjr.edu.ph/rmrj/index.php/RMRJ/article/view/848,
,,,https://rmrj.usjr.edu.ph/rmrj/index.php/RMRJ/article/view/85,
,,,https://rmrj.usjr.edu.ph/rmrj/index.php/RMRJ/article/view/86,
,,,https://rmrj.usjr.edu.ph/rmrj/index.php/RMRJ/article/view/861,
,,,https://rmrj.usjr.edu.ph/rmrj/index.php/RMRJ/article/view/862,
,,,https://rmrj.usjr.edu.ph/rmrj/index.php/RMRJ/article/view/863,
,,,https://rmrj.usjr.edu.ph/rmrj/index.php/RMRJ/article/view/87,
,,,https://rmrj.usjr.edu.ph/rmrj/index.php/RMRJ/article/view/876,
,,,https://rmrj.usjr.edu.ph/rmrj/index.php/RMRJ/article/view/88,
,,,https://rmrj.usjr.edu.ph/rmrj/index.php/RMRJ/article/view/880,
,,,https://rmrj.usjr.edu.ph/rmrj/index.php/RMRJ/article/view/884,
,,,https://rmrj.usjr.edu.ph/rmrj/index.php/RMRJ/article/view/89,
,,,https://rmrj.usjr.edu.ph/rmrj/index.php/RMRJ/article/view/895,
,,,https://rmrj.usjr.edu.ph/rmrj/index.php/RMRJ/article/view/90,
,,,https://rmrj.usjr.edu.ph/rmrj/index.php/RMRJ/article/view/91,
,,,https://rmrj.usjr.edu.ph/rmrj/index.php/RMRJ/article/view/92,
,,,https://rmrj.usjr.edu.ph/rmrj/index.php/RMRJ/article/view/93,
,,,https://rmrj.usjr.edu.ph/rmrj/index.php/RMRJ/article/view/934,
,,,https://rmrj.usjr.edu.ph/rmrj/index.php/RMRJ/article/view/94,
,,,https://rmrj.usjr.edu.ph/rmrj/index.php/RMRJ/article/view/95,
,,,https://rmrj.usjr.edu.ph/rmrj/index.php/RMRJ/article/view/955,
,,,https://rmrj.usjr.edu.ph/rmrj/index.php/RMRJ/article/view/958,
,,,https://rmrj.usjr.edu.ph/rmrj/index.php/RMRJ/article/view/959,
,,,https://rmrj.usjr.edu.ph/rmrj/index.php/RMRJ/article/view/96,
,,,https://rmrj.usjr.edu.ph/rmrj/index.php/RMRJ/article/view/962,
,,,https://rmrj.usjr.edu.ph/rmrj/index.php/RMRJ/article/view/964,
,,,https://rmrj.usjr.edu.ph/rmrj/index.php/RMRJ/article/view/965,
,,,https://rmrj.usjr.edu.ph/rmrj/index.php/RMRJ/article/view/967,
,,,https://rmrj.usjr.edu.ph/rmrj/index.php/RMRJ/article/view/97,
,,,https://rmrj.usjr.edu.ph/rmrj/index.php/RMRJ/article/view/970,
,,,https://rmrj.usjr.edu.ph/rmrj/index.php/RMRJ/article/view/977,
,,,https://rmrj.usjr.edu.ph/rmrj/index.php/RMRJ/article/view/98,
,,,https://rmrj.usjr.edu.ph/rmrj/index.php/RMRJ/article/view/982,
,,,https://rmrj.usjr.edu.ph/rmrj/index.php/RMRJ/article/view/985,
,,,https://rmrj.usjr.edu.ph/rmrj/index.php/RMRJ/article/view/986,
,,,https://rmrj.usjr.edu.ph/rmrj/index.php/RMRJ/article/view/987,
,,,https://rmrj.usjr.edu.ph/rmrj/index.php/RMRJ/article/view/988,
,,,https://rmrj.usjr.edu.ph/rmrj/index.php/RMRJ/article/view/989,
,,,https://rmrj.usjr.edu.ph/rmrj/index.php/RMRJ/article/view/99,
,,,https://rmrj.usjr.edu.ph/rmrj/index.php/RMRJ/citationstylelanguage/download/bibtex,
,,,https://rmrj.usjr.edu.ph/rmrj/index.php/RMRJ/citationstylelanguage/download/ris,
,,,https://rmrj.usjr.edu.ph/rmrj/index.php/RMRJ/citationstylelanguage/get/acm-sig-proceedings,
,,,https://rmrj.usjr.edu.ph/rmrj/index.php/RMRJ/citationstylelanguage/get/acs-nano,
,,,https://rmrj.usjr.edu.ph/rmrj/index.php/RMRJ/citationstylelanguage/get/apa,
,,,https://rmrj.usjr.edu.ph/rmrj/index.php/RMRJ/citationstylelanguage/get/associacao-brasileira-de-normas-tecnicas,
,,,https://rmrj.usjr.edu.ph/rmrj/index.php/RMRJ/citationstylelanguage/get/chicago-author-date,
,,,https://rmrj.usjr.edu.ph/rmrj/index.php/RMRJ/citationstylelanguage/get/harvard-cite-them-right,
,,,https://rmrj.usjr.edu.ph/rmrj/index.php/RMRJ/citationstylelanguage/get/ieee,
,,,https://rmrj.usjr.edu.ph/rmrj/index.php/RMRJ/citationstylelanguage/get/modern-language-association,
,,,https://rmrj.usjr.edu.ph/rmrj/index.php/RMRJ/citationstylelanguage/get/turabian-fullnote-bibliography,
,,,https://rmrj.usjr.edu.ph/rmrj/index.php/RMRJ/citationstylelanguage/get/vancouver,
,,,https://rmrj.usjr.edu.ph/rmrj/index.php/RMRJ/information/authors/,
,,,https://rmrj.usjr.edu.ph/rmrj/index.php/RMRJ/information/librarians/,
,,,https://rmrj.usjr.edu.ph/rmrj/index.php/RMRJ/information/readers/,
,,,https://rmrj.usjr.edu.ph/rmrj/index.php/RMRJ/issue/archive/,
,,,https://rmrj.usjr.edu.ph/rmrj/index.php/RMRJ/issue/view/10,
,,,https://rmrj.usjr.edu.ph/rmrj/index.php/RMRJ/issue/view/11,
,,,https://rmrj.usjr.edu.ph/rmrj/index.php/RMRJ/issue/view/12,
,,,https://rmrj.usjr.edu.ph/rmrj/index.php/RMRJ/issue/view/16,
,,,https://rmrj.usjr.edu.ph/rmrj/index.php/RMRJ/issue/view/18,
,,,https://rmrj.usjr.edu.ph/rmrj/index.php/RMRJ/issue/view/19,
,,,https://rmrj.usjr.edu.ph/rmrj/index.php/RMRJ/issue/view/21,
,,,https://rmrj.usjr.edu.ph/rmrj/index.php/RMRJ/issue/view/22,
,,,https://rmrj.usjr.edu.ph/rmrj/index.php/RMRJ/issue/view/23,
,,,https://rmrj.usjr.edu.ph/rmrj/index.php/RMRJ/issue/view/24,
,,,https://rmrj.usjr.edu.ph/rmrj/index.php/RMRJ/issue/view/25,
,,,https://rmrj.usjr.edu.ph/rmrj/index.php/RMRJ/issue/view/26,
,,,https://rmrj.usjr.edu.ph/rmrj/index.php/RMRJ/issue/view/27,
,,,https://rmrj.usjr.edu.ph/rmrj/index.php/RMRJ/issue/view/28,
,,,https://rmrj.usjr.edu.ph/rmrj/index.php/RMRJ/issue/view/29,
,,,https://rmrj.usjr.edu.ph/rmrj/index.php/RMRJ/issue/view/30,
,,,https://rmrj.usjr.edu.ph/rmrj/index.php/RMRJ/issue/view/31,
,,,https://rmrj.usjr.edu.ph/rmrj/index.php/RMRJ/issue/view/32,
,,,https://rmrj.usjr.edu.ph/rmrj/index.php/RMRJ/issue/view/5,
,,,https://rmrj.usjr.edu.ph/rmrj/index.php/RMRJ/issue/view/8,
,,,https://rmrj.usjr.edu.ph/rmrj/index.php/RMRJ/issue/view/9,
,,,https://rmrj.usjr.edu.ph/rmrj/index.php/RMRJ/user/register/,
,,,https://rmrj.usjr.edu.ph/rmrj/index.php/RMRJ/article/view/100/112,
,,,https://rmrj.usjr.edu.ph/rmrj/index.php/RMRJ/article/view/101/113,
,,,https://rmrj.usjr.edu.ph/rmrj/index.php/RMRJ/article/view/1011/224,
,,,https://rmrj.usjr.edu.ph/rmrj/index.php/RMRJ/article/view/102/114,
,,,https://rmrj.usjr.edu.ph/rmrj/index.php/RMRJ/article/view/1022/246,
,,,https://rmrj.usjr.edu.ph/rmrj/index.php/RMRJ/article/view/1027/233,
,,,https://rmrj.usjr.edu.ph/rmrj/index.php/RMRJ/article/view/1044/239,
,,,https://rmrj.usjr.edu.ph/rmrj/index.php/RMRJ/article/view/1047/229,
,,,https://rmrj.usjr.edu.ph/rmrj/index.php/RMRJ/article/view/106/135,
,,,https://rmrj.usjr.edu.ph/rmrj/index.php/RMRJ/article/view/1061/240,
,,,https://rmrj.usjr.edu.ph/rmrj/index.php/RMRJ/article/view/1063/237,
,,,https://rmrj.usjr.edu.ph/rmrj/index.php/RMRJ/article/view/107/117,
,,,https://rmrj.usjr.edu.ph/rmrj/index.php/RMRJ/article/view/1070/256,
,,,https://rmrj.usjr.edu.ph/rmrj/index.php/RMRJ/article/view/1071/245,
,,,https://rmrj.usjr.edu.ph/rmrj/index.php/RMRJ/article/view/108/118,
,,,https://rmrj.usjr.edu.ph/rmrj/index.php/RMRJ/article/view/1086/257,
,,,https://rmrj.usjr.edu.ph/rmrj/index.php/RMRJ/article/view/1087/247,
,,,https://rmrj.usjr.edu.ph/rmrj/index.php/RMRJ/article/view/109/119,
,,,https://rmrj.usjr.edu.ph/rmrj/index.php/RMRJ/article/view/110/120,
,,,https://rmrj.usjr.edu.ph/rmrj/index.php/RMRJ/article/view/111/133,
,,,https://rmrj.usjr.edu.ph/rmrj/index.php/RMRJ/article/view/112/122,
,,,https://rmrj.usjr.edu.ph/rmrj/index.php/RMRJ/article/view/113/123,
,,,https://rmrj.usjr.edu.ph/rmrj/index.php/RMRJ/article/view/1130/273,
,,,https://rmrj.usjr.edu.ph/rmrj/index.php/RMRJ/article/view/114/124,
,,,https://rmrj.usjr.edu.ph/rmrj/index.php/RMRJ/article/view/1147/255,
,,,https://rmrj.usjr.edu.ph/rmrj/index.php/RMRJ/article/view/115/125,
,,,https://rmrj.usjr.edu.ph/rmrj/index.php/RMRJ/article/view/116/126,
,,,https://rmrj.usjr.edu.ph/rmrj/index.php/RMRJ/article/view/117/127,
,,,https://rmrj.usjr.edu.ph/rmrj/index.php/RMRJ/article/view/118/128,
,,,https://rmrj.usjr.edu.ph/rmrj/index.php/RMRJ/article/view/1181/249,
,,,https://rmrj.usjr.edu.ph/rmrj/index.php/RMRJ/article/view/1188/252,
,,,https://rmrj.usjr.edu.ph/rmrj/index.php/RMRJ/article/view/12/13,
,,,https://rmrj.usjr.edu.ph/rmrj/index.php/RMRJ/article/view/120/140,
,,,https://rmrj.usjr.edu.ph/rmrj/index.php/RMRJ/article/view/1200/272,
,,,https://rmrj.usjr.edu.ph/rmrj/index.php/RMRJ/article/view/1205/251,
,,,https://rmrj.usjr.edu.ph/rmrj/index.php/RMRJ/article/view/1206/259,
,,,https://rmrj.usjr.edu.ph/rmrj/index.php/RMRJ/article/view/121/145,
,,,https://rmrj.usjr.edu.ph/rmrj/index.php/RMRJ/article/view/1211/250,
,,,https://rmrj.usjr.edu.ph/rmrj/index.php/RMRJ/article/view/1212/253,
,,,https://rmrj.usjr.edu.ph/rmrj/index.php/RMRJ/article/view/1215/258,
,,,https://rmrj.usjr.edu.ph/rmrj/index.php/RMRJ/article/view/1219/260,
,,,https://rmrj.usjr.edu.ph/rmrj/index.php/RMRJ/article/view/122/150,
,,,https://rmrj.usjr.edu.ph/rmrj/index.php/RMRJ/article/view/1220/254,
,,,https://rmrj.usjr.edu.ph/rmrj/index.php/RMRJ/article/view/1221/261,
,,,https://rmrj.usjr.edu.ph/rmrj/index.php/RMRJ/article/view/1222/274,
,,,https://rmrj.usjr.edu.ph/rmrj/index.php/RMRJ/article/view/1229/280,
,,,https://rmrj.usjr.edu.ph/rmrj/index.php/RMRJ/article/view/127/163,
,,,https://rmrj.usjr.edu.ph/rmrj/index.php/RMRJ/article/view/128/130,
,,,https://rmrj.usjr.edu.ph/rmrj/index.php/RMRJ/article/view/129/129,
,,,https://rmrj.usjr.edu.ph/rmrj/index.php/RMRJ/article/view/13/14,
,,,https://rmrj.usjr.edu.ph/rmrj/index.php/RMRJ/article/view/130/132,
,,,https://rmrj.usjr.edu.ph/rmrj/index.php/RMRJ/article/view/131/131,
,,,https://rmrj.usjr.edu.ph/rmrj/index.php/RMRJ/article/view/1320/271,
,,,https://rmrj.usjr.edu.ph/rmrj/index.php/RMRJ/article/view/1322/270,
,,,https://rmrj.usjr.edu.ph/rmrj/index.php/RMRJ/article/view/1328/281,
,,,https://rmrj.usjr.edu.ph/rmrj/index.php/RMRJ/article/view/133/138,
,,,https://rmrj.usjr.edu.ph/rmrj/index.php/RMRJ/article/view/135/152,
,,,https://rmrj.usjr.edu.ph/rmrj/index.php/RMRJ/article/view/1351/279,
,,,https://rmrj.usjr.edu.ph/rmrj/index.php/RMRJ/article/view/14/15,
,,,https://rmrj.usjr.edu.ph/rmrj/index.php/RMRJ/article/view/1407/276,
,,,https://rmrj.usjr.edu.ph/rmrj/index.php/RMRJ/article/view/1408/277,
,,,https://rmrj.usjr.edu.ph/rmrj/index.php/RMRJ/article/view/1413/278,
,,,https://rmrj.usjr.edu.ph/rmrj/index.php/RMRJ/article/view/1414/275,
,,,https://rmrj.usjr.edu.ph/rmrj/index.php/RMRJ/article/view/146/143,
,,,https://rmrj.usjr.edu.ph/rmrj/index.php/RMRJ/article/view/15/16,
,,,https://rmrj.usjr.edu.ph/rmrj/index.php/RMRJ/article/view/16/17,
,,,https://rmrj.usjr.edu.ph/rmrj/index.php/RMRJ/article/view/162/156,
,,,https://rmrj.usjr.edu.ph/rmrj/index.php/RMRJ/article/view/163/155,
,,,https://rmrj.usjr.edu.ph/rmrj/index.php/RMRJ/article/view/165/162,
,,,https://rmrj.usjr.edu.ph/rmrj/index.php/RMRJ/article/view/169/161,
,,,https://rmrj.usjr.edu.ph/rmrj/index.php/RMRJ/article/view/17/18,
,,,https://rmrj.usjr.edu.ph/rmrj/index.php/RMRJ/article/view/172/147,
,,,https://rmrj.usjr.edu.ph/rmrj/index.php/RMRJ/article/view/173/141,
,,,https://rmrj.usjr.edu.ph/rmrj/index.php/RMRJ/article/view/18/19,
,,,https://rmrj.usjr.edu.ph/rmrj/index.php/RMRJ/article/view/183/178,
,,,https://rmrj.usjr.edu.ph/rmrj/index.php/RMRJ/article/view/198/151,
,,,https://rmrj.usjr.edu.ph/rmrj/index.php/RMRJ/article/view/199/149,
,,,https://rmrj.usjr.edu.ph/rmrj/index.php/RMRJ/article/view/20/20,
,,,https://rmrj.usjr.edu.ph/rmrj/index.php/RMRJ/article/view/201/159,
,,,https://rmrj.usjr.edu.ph/rmrj/index.php/RMRJ/article/view/202/154,
,,,https://rmrj.usjr.edu.ph/rmrj/index.php/RMRJ/article/view/203/146,
,,,https://rmrj.usjr.edu.ph/rmrj/index.php/RMRJ/article/view/204/137,
,,,https://rmrj.usjr.edu.ph/rmrj/index.php/RMRJ/article/view/205/167,
,,,https://rmrj.usjr.edu.ph/rmrj/index.php/RMRJ/article/view/206/148,
,,,https://rmrj.usjr.edu.ph/rmrj/index.php/RMRJ/article/view/21/21,
,,,https://rmrj.usjr.edu.ph/rmrj/index.php/RMRJ/article/view/210/164,
,,,https://rmrj.usjr.edu.ph/rmrj/index.php/RMRJ/article/view/217/170,
,,,https://rmrj.usjr.edu.ph/rmrj/index.php/RMRJ/article/view/22/22,
,,,https://rmrj.usjr.edu.ph/rmrj/index.php/RMRJ/article/view/23/23,
,,,https://rmrj.usjr.edu.ph/rmrj/index.php/RMRJ/article/view/231/168,
,,,https://rmrj.usjr.edu.ph/rmrj/index.php/RMRJ/article/view/24/24,
,,,https://rmrj.usjr.edu.ph/rmrj/index.php/RMRJ/article/view/242/166,
,,,https://rmrj.usjr.edu.ph/rmrj/index.php/RMRJ/article/view/245/165,
,,,https://rmrj.usjr.edu.ph/rmrj/index.php/RMRJ/article/view/25/25,
,,,https://rmrj.usjr.edu.ph/rmrj/index.php/RMRJ/article/view/26/111,
,,,https://rmrj.usjr.edu.ph/rmrj/index.php/RMRJ/article/view/260/171,
,,,https://rmrj.usjr.edu.ph/rmrj/index.php/RMRJ/article/view/267/169,
,,,https://rmrj.usjr.edu.ph/rmrj/index.php/RMRJ/article/view/27/28,
,,,https://rmrj.usjr.edu.ph/rmrj/index.php/RMRJ/article/view/270/173,
,,,https://rmrj.usjr.edu.ph/rmrj/index.php/RMRJ/article/view/274/176,
,,,https://rmrj.usjr.edu.ph/rmrj/index.php/RMRJ/article/view/276/180,
,,,https://rmrj.usjr.edu.ph/rmrj/index.php/RMRJ/article/view/28/29,
,,,https://rmrj.usjr.edu.ph/rmrj/index.php/RMRJ/article/view/280/213,
,,,https://rmrj.usjr.edu.ph/rmrj/index.php/RMRJ/article/view/29/30,
,,,https://rmrj.usjr.edu.ph/rmrj/index.php/RMRJ/article/view/299/177,
,,,https://rmrj.usjr.edu.ph/rmrj/index.php/RMRJ/article/view/30/33,
,,,https://rmrj.usjr.edu.ph/rmrj/index.php/RMRJ/article/view/304/179,
,,,https://rmrj.usjr.edu.ph/rmrj/index.php/RMRJ/article/view/31/34,
,,,https://rmrj.usjr.edu.ph/rmrj/index.php/RMRJ/article/view/312/172,
,,,https://rmrj.usjr.edu.ph/rmrj/index.php/RMRJ/article/view/32/35,
,,,https://rmrj.usjr.edu.ph/rmrj/index.php/RMRJ/article/view/324/186,
,,,https://rmrj.usjr.edu.ph/rmrj/index.php/RMRJ/article/view/33/36,
,,,https://rmrj.usjr.edu.ph/rmrj/index.php/RMRJ/article/view/34/37,
,,,https://rmrj.usjr.edu.ph/rmrj/index.php/RMRJ/article/view/35/38,
,,,https://rmrj.usjr.edu.ph/rmrj/index.php/RMRJ/article/view/36/39,
,,,https://rmrj.usjr.edu.ph/rmrj/index.php/RMRJ/article/view/37/40,
,,,https://rmrj.usjr.edu.ph/rmrj/index.php/RMRJ/article/view/38/41,
,,,https://rmrj.usjr.edu.ph/rmrj/index.php/RMRJ/article/view/387/185,
,,,https://rmrj.usjr.edu.ph/rmrj/index.php/RMRJ/article/view/39/42,
,,,https://rmrj.usjr.edu.ph/rmrj/index.php/RMRJ/article/view/40/43,
,,,https://rmrj.usjr.edu.ph/rmrj/index.php/RMRJ/article/view/41/44,
,,,https://rmrj.usjr.edu.ph/rmrj/index.php/RMRJ/article/view/42/45,
,,,https://rmrj.usjr.edu.ph/rmrj/index.php/RMRJ/article/view/43/46,
,,,https://rmrj.usjr.edu.ph/rmrj/index.php/RMRJ/article/view/44/47,
,,,https://rmrj.usjr.edu.ph/rmrj/index.php/RMRJ/article/view/45/48,
,,,https://rmrj.usjr.edu.ph/rmrj/index.php/RMRJ/article/view/46/49,
,,,https://rmrj.usjr.edu.ph/rmrj/index.php/RMRJ/article/view/47/50,
,,,https://rmrj.usjr.edu.ph/rmrj/index.php/RMRJ/article/view/48/51,
,,,https://rmrj.usjr.edu.ph/rmrj/index.php/RMRJ/article/view/49/52,
,,,https://rmrj.usjr.edu.ph/rmrj/index.php/RMRJ/article/view/491/188,
,,,https://rmrj.usjr.edu.ph/rmrj/index.php/RMRJ/article/view/50/53,
,,,https://rmrj.usjr.edu.ph/rmrj/index.php/RMRJ/article/view/51/54,
,,,https://rmrj.usjr.edu.ph/rmrj/index.php/RMRJ/article/view/52/61,
,,,https://rmrj.usjr.edu.ph/rmrj/index.php/RMRJ/article/view/53/63,
,,,https://rmrj.usjr.edu.ph/rmrj/index.php/RMRJ/article/view/532/189,
,,,https://rmrj.usjr.edu.ph/rmrj/index.php/RMRJ/article/view/54/62,
,,,https://rmrj.usjr.edu.ph/rmrj/index.php/RMRJ/article/view/55/60,
,,,https://rmrj.usjr.edu.ph/rmrj/index.php/RMRJ/article/view/550/187,
,,,https://rmrj.usjr.edu.ph/rmrj/index.php/RMRJ/article/view/56/64,
,,,https://rmrj.usjr.edu.ph/rmrj/index.php/RMRJ/article/view/57/65,
,,,https://rmrj.usjr.edu.ph/rmrj/index.php/RMRJ/article/view/58/66,
,,,https://rmrj.usjr.edu.ph/rmrj/index.php/RMRJ/article/view/586/211,
,,,https://rmrj.usjr.edu.ph/rmrj/index.php/RMRJ/article/view/587/192,
,,,https://rmrj.usjr.edu.ph/rmrj/index.php/RMRJ/article/view/59/67,
,,,https://rmrj.usjr.edu.ph/rmrj/index.php/RMRJ/article/view/60/68,
,,,https://rmrj.usjr.edu.ph/rmrj/index.php/RMRJ/article/view/61/69,
,,,https://rmrj.usjr.edu.ph/rmrj/index.php/RMRJ/article/view/614/191,
,,,https://rmrj.usjr.edu.ph/rmrj/index.php/RMRJ/article/view/619/193,
,,,https://rmrj.usjr.edu.ph/rmrj/index.php/RMRJ/article/view/62/70,
,,,https://rmrj.usjr.edu.ph/rmrj/index.php/RMRJ/article/view/625/195,
,,,https://rmrj.usjr.edu.ph/rmrj/index.php/RMRJ/article/view/63/71,
,,,https://rmrj.usjr.edu.ph/rmrj/index.php/RMRJ/article/view/631/194,
,,,https://rmrj.usjr.edu.ph/rmrj/index.php/RMRJ/article/view/64/73,
,,,https://rmrj.usjr.edu.ph/rmrj/index.php/RMRJ/article/view/65/74,
,,,https://rmrj.usjr.edu.ph/rmrj/index.php/RMRJ/article/view/66/75,
,,,https://rmrj.usjr.edu.ph/rmrj/index.php/RMRJ/article/view/67/76,
,,,https://rmrj.usjr.edu.ph/rmrj/index.php/RMRJ/article/view/68/77,
,,,https://rmrj.usjr.edu.ph/rmrj/index.php/RMRJ/article/view/680/196,
,,,https://rmrj.usjr.edu.ph/rmrj/index.php/RMRJ/article/view/69/78,
,,,https://rmrj.usjr.edu.ph/rmrj/index.php/RMRJ/article/view/70/79,
,,,https://rmrj.usjr.edu.ph/rmrj/index.php/RMRJ/article/view/704/200,
,,,https://rmrj.usjr.edu.ph/rmrj/index.php/RMRJ/article/view/71/80,
,,,https://rmrj.usjr.edu.ph/rmrj/index.php/RMRJ/article/view/714/202,
,,,https://rmrj.usjr.edu.ph/rmrj/index.php/RMRJ/article/view/72/81,
,,,https://rmrj.usjr.edu.ph/rmrj/index.php/RMRJ/article/view/73/82,
,,,https://rmrj.usjr.edu.ph/rmrj/index.php/RMRJ/article/view/733/206,
,,,https://rmrj.usjr.edu.ph/rmrj/index.php/RMRJ/article/view/74/83,
,,,https://rmrj.usjr.edu.ph/rmrj/index.php/RMRJ/article/view/748/205,
,,,https://rmrj.usjr.edu.ph/rmrj/index.php/RMRJ/article/view/75/84,
,,,https://rmrj.usjr.edu.ph/rmrj/index.php/RMRJ/article/view/76/85,
,,,https://rmrj.usjr.edu.ph/rmrj/index.php/RMRJ/article/view/760/201,
,,,https://rmrj.usjr.edu.ph/rmrj/index.php/RMRJ/article/view/766/198,
,,,https://rmrj.usjr.edu.ph/rmrj/index.php/RMRJ/article/view/77/86,
,,,https://rmrj.usjr.edu.ph/rmrj/index.php/RMRJ/article/view/772/203,
,,,https://rmrj.usjr.edu.ph/rmrj/index.php/RMRJ/article/view/779/199,
,,,https://rmrj.usjr.edu.ph/rmrj/index.php/RMRJ/article/view/78/87,
,,,https://rmrj.usjr.edu.ph/rmrj/index.php/RMRJ/article/view/79/88,
,,,https://rmrj.usjr.edu.ph/rmrj/index.php/RMRJ/article/view/80/89,
,,,https://rmrj.usjr.edu.ph/rmrj/index.php/RMRJ/article/view/81/91,
,,,https://rmrj.usjr.edu.ph/rmrj/index.php/RMRJ/article/view/817/208,
,,,https://rmrj.usjr.edu.ph/rmrj/index.php/RMRJ/article/view/82/92,
,,,https://rmrj.usjr.edu.ph/rmrj/index.php/RMRJ/article/view/828/215,
,,,https://rmrj.usjr.edu.ph/rmrj/index.php/RMRJ/article/view/83/93,
,,,https://rmrj.usjr.edu.ph/rmrj/index.php/RMRJ/article/view/836/204,
,,,https://rmrj.usjr.edu.ph/rmrj/index.php/RMRJ/article/view/84/95,
,,,https://rmrj.usjr.edu.ph/rmrj/index.php/RMRJ/article/view/845/231,
,,,https://rmrj.usjr.edu.ph/rmrj/index.php/RMRJ/article/view/848/207,
,,,https://rmrj.usjr.edu.ph/rmrj/index.php/RMRJ/article/view/85/96,
,,,https://rmrj.usjr.edu.ph/rmrj/index.php/RMRJ/article/view/86/97,
,,,https://rmrj.usjr.edu.ph/rmrj/index.php/RMRJ/article/view/861/214,
,,,https://rmrj.usjr.edu.ph/rmrj/index.php/RMRJ/article/view/862/209,
,,,https://rmrj.usjr.edu.ph/rmrj/index.php/RMRJ/article/view/863/210,
,,,https://rmrj.usjr.edu.ph/rmrj/index.php/RMRJ/article/view/87/98,
,,,https://rmrj.usjr.edu.ph/rmrj/index.php/RMRJ/article/view/876/217,
,,,https://rmrj.usjr.edu.ph/rmrj/index.php/RMRJ/article/view/88/99,
,,,https://rmrj.usjr.edu.ph/rmrj/index.php/RMRJ/article/view/880/218,
,,,https://rmrj.usjr.edu.ph/rmrj/index.php/RMRJ/article/view/884/216,
,,,https://rmrj.usjr.edu.ph/rmrj/index.php/RMRJ/article/view/89/100,
,,,https://rmrj.usjr.edu.ph/rmrj/index.php/RMRJ/article/view/895/227,
,,,https://rmrj.usjr.edu.ph/rmrj/index.php/RMRJ/article/view/90/101,
,,,https://rmrj.usjr.edu.ph/rmrj/index.php/RMRJ/article/view/91/102,
,,,https://rmrj.usjr.edu.ph/rmrj/index.php/RMRJ/article/view/92/103,
,,,https://rmrj.usjr.edu.ph/rmrj/index.php/RMRJ/article/view/93/104,
,,,https://rmrj.usjr.edu.ph/rmrj/index.php/RMRJ/article/view/934/220,
,,,https://rmrj.usjr.edu.ph/rmrj/index.php/RMRJ/article/view/94/105,
,,,https://rmrj.usjr.edu.ph/rmrj/index.php/RMRJ/article/view/95/106,
,,,https://rmrj.usjr.edu.ph/rmrj/index.php/RMRJ/article/view/955/235,
,,,https://rmrj.usjr.edu.ph/rmrj/index.php/RMRJ/article/view/958/243,
,,,https://rmrj.usjr.edu.ph/rmrj/index.php/RMRJ/article/view/959/241,
,,,https://rmrj.usjr.edu.ph/rmrj/index.php/RMRJ/article/view/96/107,
,,,https://rmrj.usjr.edu.ph/rmrj/index.php/RMRJ/article/view/962/223,
,,,https://rmrj.usjr.edu.ph/rmrj/index.php/RMRJ/article/view/964/219,
,,,https://rmrj.usjr.edu.ph/rmrj/index.php/RMRJ/article/view/965/226,
,,,https://rmrj.usjr.edu.ph/rmrj/index.php/RMRJ/article/view/967/230,
,,,https://rmrj.usjr.edu.ph/rmrj/index.php/RMRJ/article/view/97/108,
,,,https://rmrj.usjr.edu.ph/rmrj/index.php/RMRJ/article/view/970/221,
,,,https://rmrj.usjr.edu.ph/rmrj/index.php/RMRJ/article/view/977/232,
,,,https://rmrj.usjr.edu.ph/rmrj/index.php/RMRJ/article/view/98/109,
,,,https://rmrj.usjr.edu.ph/rmrj/index.php/RMRJ/article/view/982/228,
,,,https://rmrj.usjr.edu.ph/rmrj/index.php/RMRJ/article/view/985/244,
,,,https://rmrj.usjr.edu.ph/rmrj/index.php/RMRJ/article/view/986/248,
,,,https://rmrj.usjr.edu.ph/rmrj/index.php/RMRJ/article/view/987/222,
,,,https://rmrj.usjr.edu.ph/rmrj/index.php/RMRJ/article/view/988/242,
,,,https://rmrj.usjr.edu.ph/rmrj/index.php/RMRJ/article/view/989/236,
,,,https://rmrj.usjr.edu.ph/rmrj/index.php/RMRJ/article/view/99/110,
,,,https://rmrj.usjr.edu.ph/rmrj/index.php/RMRJ/issue/view/24/,
,,,https://rmrj.usjr.edu.ph/rmrj/index.php/RMRJ/article/download/1011/224/4603,
,,,https://rmrj.usjr.edu.ph/rmrj/index.php/RMRJ/article/download/1022/246/5131,
,,,https://rmrj.usjr.edu.ph/rmrj/index.php/RMRJ/article/download/1027/233/4674,
,,,https://rmrj.usjr.edu.ph/rmrj/index.php/RMRJ/article/download/1044/239/5065,
,,,https://rmrj.usjr.edu.ph/rmrj/index.php/RMRJ/article/download/1047/229/4646,
,,,https://rmrj.usjr.edu.ph/rmrj/index.php/RMRJ/article/download/1061/240/5076,
,,,https://rmrj.usjr.edu.ph/rmrj/index.php/RMRJ/article/download/1063/237/5063,
,,,https://rmrj.usjr.edu.ph/rmrj/index.php/RMRJ/article/download/1070/256/5680,
,,,https://rmrj.usjr.edu.ph/rmrj/index.php/RMRJ/article/download/1071/245/5113,
,,,https://rmrj.usjr.edu.ph/rmrj/index.php/RMRJ/article/download/1086/257/5681,
,,,https://rmrj.usjr.edu.ph/rmrj/index.php/RMRJ/article/download/1087/247/5143,
,,,https://rmrj.usjr.edu.ph/rmrj/index.php/RMRJ/article/download/1130/273/6334,
,,,https://rmrj.usjr.edu.ph/rmrj/index.php/RMRJ/article/download/1147/255/5636,
,,,https://rmrj.usjr.edu.ph/rmrj/index.php/RMRJ/article/download/1181/249/5519,
,,,https://rmrj.usjr.edu.ph/rmrj/index.php/RMRJ/article/download/1188/252/5580,
,,,https://rmrj.usjr.edu.ph/rmrj/index.php/RMRJ/article/download/1200/272/6333,
,,,https://rmrj.usjr.edu.ph/rmrj/index.php/RMRJ/article/download/1205/251/5564,
,,,https://rmrj.usjr.edu.ph/rmrj/index.php/RMRJ/article/download/1206/259/5683,
,,,https://rmrj.usjr.edu.ph/rmrj/index.php/RMRJ/article/download/1211/250/5544,
,,,https://rmrj.usjr.edu.ph/rmrj/index.php/RMRJ/article/download/1212/253/5609,
,,,https://rmrj.usjr.edu.ph/rmrj/index.php/RMRJ/article/download/1215/258/5682,
,,,https://rmrj.usjr.edu.ph/rmrj/index.php/RMRJ/article/download/1219/260/5684,
,,,https://rmrj.usjr.edu.ph/rmrj/index.php/RMRJ/article/download/1220/254/5613,
,,,https://rmrj.usjr.edu.ph/rmrj/index.php/RMRJ/article/download/1221/261/5685,
,,,https://rmrj.usjr.edu.ph/rmrj/index.php/RMRJ/article/download/1222/274/6335,
,,,https://rmrj.usjr.edu.ph/rmrj/index.php/RMRJ/article/download/1229/280/7183,
,,,https://rmrj.usjr.edu.ph/rmrj/index.php/RMRJ/article/download/1320/271/6332,
,,,https://rmrj.usjr.edu.ph/rmrj/index.php/RMRJ/article/download/1322/270/6331,
,,,https://rmrj.usjr.edu.ph/rmrj/index.php/RMRJ/article/download/1328/281/7196,
,,,https://rmrj.usjr.edu.ph/rmrj/index.php/RMRJ/article/download/1351/279/7035,
,,,https://rmrj.usjr.edu.ph/rmrj/index.php/RMRJ/article/download/1407/276/6348,
,,,https://rmrj.usjr.edu.ph/rmrj/index.php/RMRJ/article/download/1408/277/6472,
,,,https://rmrj.usjr.edu.ph/rmrj/index.php/RMRJ/article/download/1413/278/6962,
,,,https://rmrj.usjr.edu.ph/rmrj/index.php/RMRJ/article/download/1414/275/6338,
,,,https://rmrj.usjr.edu.ph/rmrj/index.php/RMRJ/article/download/587/192/2739,
,,,https://rmrj.usjr.edu.ph/rmrj/index.php/RMRJ/article/download/614/191/2737,
,,,https://rmrj.usjr.edu.ph/rmrj/index.php/RMRJ/article/download/619/193/2743,
,,,https://rmrj.usjr.edu.ph/rmrj/index.php/RMRJ/article/download/625/195/2766,
,,,https://rmrj.usjr.edu.ph/rmrj/index.php/RMRJ/article/download/631/194/2747,
,,,https://rmrj.usjr.edu.ph/rmrj/index.php/RMRJ/article/download/680/196/2825,
,,,https://rmrj.usjr.edu.ph/rmrj/index.php/RMRJ/article/download/828/215/4072,
,,,https://rmrj.usjr.edu.ph/rmrj/index.php/RMRJ/article/download/845/231/4660,
,,,https://rmrj.usjr.edu.ph/rmrj/index.php/RMRJ/article/download/861/214/4070,
,,,https://rmrj.usjr.edu.ph/rmrj/index.php/RMRJ/article/download/876/217/4074,
,,,https://rmrj.usjr.edu.ph/rmrj/index.php/RMRJ/article/download/880/218/4078,
,,,https://rmrj.usjr.edu.ph/rmrj/index.php/RMRJ/article/download/884/216/4073,
,,,https://rmrj.usjr.edu.ph/rmrj/index.php/RMRJ/article/download/895/227/4644,
,,,https://rmrj.usjr.edu.ph/rmrj/index.php/RMRJ/article/download/934/220/4083,
,,,https://rmrj.usjr.edu.ph/rmrj/index.php/RMRJ/article/download/955/235/4676,
,,,https://rmrj.usjr.edu.ph/rmrj/index.php/RMRJ/article/download/958/243/5090,
,,,https://rmrj.usjr.edu.ph/rmrj/index.php/RMRJ/article/download/959/241/5077,
,,,https://rmrj.usjr.edu.ph/rmrj/index.php/RMRJ/article/download/962/223/4602,
,,,https://rmrj.usjr.edu.ph/rmrj/index.php/RMRJ/article/download/964/219/4081,
,,,https://rmrj.usjr.edu.ph/rmrj/index.php/RMRJ/article/download/965/226/4605,
,,,https://rmrj.usjr.edu.ph/rmrj/index.php/RMRJ/article/download/967/230/4648,
,,,https://rmrj.usjr.edu.ph/rmrj/index.php/RMRJ/article/download/970/221/4085,
,,,https://rmrj.usjr.edu.ph/rmrj/index.php/RMRJ/article/download/977/232/4673,
,,,https://rmrj.usjr.edu.ph/rmrj/index.php/RMRJ/article/download/982/228/4645,
,,,https://rmrj.usjr.edu.ph/rmrj/index.php/RMRJ/article/download/985/244/5091,
,,,https://rmrj.usjr.edu.ph/rmrj/index.php/RMRJ/article/download/986/248/5508,
,,,https://rmrj.usjr.edu.ph/rmrj/index.php/RMRJ/article/download/987/222/4593,
,,,https://rmrj.usjr.edu.ph/rmrj/index.php/RMRJ/article/download/988/242/5078,
,,,https://rmrj.usjr.edu.ph/rmrj/index.php/RMRJ/article/download/989/236/4677,
